url,status,bodySize,cacheControl
http://adserv.quality-channel.de/5/www.spiegel.de/homepage/center/L30/1095505870/Middle4/qc/ON01X6971XBILLBOARDHOME01/ON01X6971XBILLBOARDHOME01_01.html/53454a7a446c4c3733334d4141714f48?_RM_EMPTY_,200,336,0
http://adserv.quality-channel.de/5/www.spiegel.de/homepage/center/L30/1138237812/x05/qc/ON01X6684XLOGOBOXHOME/ON52X5958XLOGOBOX_09.html/53454a7a446c4c3733334d4141714f48?_RM_EMPTY_,200,336,0
http://adserv.quality-channel.de/5/www.spiegel.de/homepage/center/L30/1342987703/RightWis/qc/ON02X20005XX1/ON02X20005XX1_04.html/53454a7a446c4c3733334d4141714f48?_RM_EMPTY_,200,336,0
http://adserv.quality-channel.de/5/www.spiegel.de/homepage/center/L30/1350532784/Bottom/qc/container-eCommerce-spon-Logobox/container-eCommerce-spon-Logobox_01.html/53454a7a446c4c3733334d4141714f48?_RM_EMPTY_,200,336,0
http://adserv.quality-channel.de/5/www.spiegel.de/homepage/center/L30/1352008240/RightRei/qc/ON05XX6993XX3/ON05XX6993XX3_04.html/53454a7a446c4c3733334d4141714f48?_RM_EMPTY_,200,336,0
http://adserv.quality-channel.de/5/www.spiegel.de/homepage/center/L30/1392016859/Middle/qc/sp-zaehler-011/zaehler.gif/53454a7a446c4c3733334d4141714f48?_RM_EMPTY_&,200,336,0
http://adserv.quality-channel.de/5/www.spiegel.de/homepage/center/L30/1446104003/x02/qc/ON01X6960XLOGOBOX/ON01X6960XLOGOBOX_02.html/53454a7a446c4c3733334d4141714f48?_RM_EMPTY_,200,336,0
http://adserv.quality-channel.de/5/www.spiegel.de/homepage/center/L30/1482878933/Top1/qc/ON01X7005XBEZFUELLER14/ON01X7005XBEZFUELLER14_01.html/53454a7a446c4c3733334d4141714f48?_RM_EMPTY_,200,336,0
http://adserv.quality-channel.de/5/www.spiegel.de/homepage/center/L30/1492494270/x02/qc/ON01X6493XLOGOBOXHOME/ON01X6493XLOGOBOXHOME_02.html/53454a7a446c4c3733334d4141714f48?_RM_EMPTY_,200,336,0
http://adserv.quality-channel.de/5/www.spiegel.de/homepage/center/L30/1515201614/x05/qc/ON01X6684XLOGOBOXHOME/ON52X5958XLOGOBOX_09.html/53454a7a446c4c3733334d4141714f48?_RM_EMPTY_,200,336,0
http://adserv.quality-channel.de/5/www.spiegel.de/homepage/center/L30/1600457789/RightRei/qc/ON05XX6993XX3/ON05XX6993XX3_04.html/53454a7a446c4c3733334d4141714f48?_RM_EMPTY_,200,336,61
http://adserv.quality-channel.de/5/www.spiegel.de/homepage/center/L30/1724315558/x21/qc/ON23XX4454XX2013X21/ON23XX4454XX2013X21_07.html/53454a7a446c4c3733334d4141714f48?_RM_EMPTY_,200,336,259200
http://adserv.quality-channel.de/5/www.spiegel.de/homepage/center/L30/1786827040/Top1/qc/ON01X7005XBEZFUELLER14/ON01X7005XBEZFUELLER14_01.html/53454a7a446c4c3733334d4141714f48?_RM_EMPTY_,200,336,0
http://adserv.quality-channel.de/5/www.spiegel.de/homepage/center/L30/1843204895/x01/qc/ON01X6978XLOGOBOX/ON01X6978XLOGOBOX_02.html/53454a7a446c4c3733334d4141714f48?_RM_EMPTY_,200,336,0
http://adserv.quality-channel.de/5/www.spiegel.de/homepage/center/L30/1939161336/x03/qc/ON02XX6993XX4/ON02XX6993XX4_10.html/53454a7a446c4c3733334d4141714f48?_RM_EMPTY_,200,336,0
http://adserv.quality-channel.de/5/www.spiegel.de/homepage/center/L30/2104908365/x03/qc/ON02XX6993XX4/ON02XX6993XX4_10.html/53454a7a446c4c3733334d4141714f48?_RM_EMPTY_,200,336,0
http://adserv.quality-channel.de/5/www.spiegel.de/homepage/center/L30/379926441/RightWis/qc/ON02X20005XX1/ON02X20005XX1_04.html/53454a7a446c4c3733334d4141714f48?_RM_EMPTY_,200,336,259200
http://adserv.quality-channel.de/5/www.spiegel.de/homepage/center/L30/712964549/TopRight/qc/flash-test-spon/flash-test-spon_5.html/53454a7a446c4c3733334d4141714f48?_RM_EMPTY_,200,336,0
http://adserv.quality-channel.de/5/www.spiegel.de/homepage/center/L30/719668376/x01/qc/ON01X6978XLOGOBOX/ON01X6978XLOGOBOX_02.html/53454a7a446c4c3733334d4141714f48?_RM_EMPTY_,200,336,0
http://adserv.quality-channel.de/5/www.spiegel.de/homepage/center/L30/811874542/Middle4/qc/ON01X6971XBILLBOARDHOME01/ON01X6971XBILLBOARDHOME01_01.html/53454a7a446c4c3733334d4141714f48?_RM_EMPTY_,200,336,86400
http://adserv.quality-channel.de/5/www.spiegel.de/homepage/center/L30/86621966/Bottom/qc/container-eCommerce-spon-Logobox/container-eCommerce-spon-Logobox_01.html/53454a7a446c4c3733334d4141714f48?_RM_EMPTY_,200,336,0
http://adserv.quality-channel.de/5/www.spiegel.de/homepage/center/L30/87738598/x21/qc/ON23XX4454XX2013X21_A/ON23XX4454XX2013X21_A_11.html/53454a7a446c4c3733334d4141714f48?_RM_EMPTY_,200,336,0
http://adserv.quality-channel.de/5/www.spiegel.de/homepage/center/L30/879048944/Middle/qc/sp-zaehler-011/zaehler.gif/53454a7a446c4c3733334d4141714f48?_RM_EMPTY_&,200,336,0
http://adserv.quality-channel.de/images/backgroundClicker_on4.js,200,3976,0
http://adserv.quality-channel.de/images/blocker.gif,200,43,0
http://adserv.quality-channel.de/images/heftwerbung/spon/WP120_SP_120x600.gif,200,29516,0
http://adserv.quality-channel.de/images/heftwerbung/spon/WP120_SP_910x110.gif,200,36147,0
http://adserv.quality-channel.de/images/qcStickySky_on.js,200,1156,43200
http://adserv.quality-channel.de/images/qcSwf.js,200,1673,0
http://adserv.quality-channel.de/RealMedia/ads/adstream_lx.ads/www.spiegel.de/homepage/center/L30/712964549/x55/qc/flash-test/flash0.gif/53454a7a446c4c3733334d4141714f48?_RM_EMPTY_,200,336,0
http://adserv.quality-channel.de/RealMedia/ads/adstream_lx.ads/www.spiegel.de/homepage/center/L30/712964549/x57/qc/flash-test/linux.gif/53454a7a446c4c3733334d4141714f48?_RM_EMPTY_,200,336,0
http://adserv.quality-channel.de/RealMedia/ads/adstream_lx.ads/www.spiegel.de/homepage/center/L30/825958049/x04/qc/ON52X5959XLOGOBOX/ON52X5959XLOGOBOX_11.html/53454a7a446c4c3733334d4141714f48?_RM_EMPTY_,200,336,0
http://adserv.quality-channel.de/RealMedia/ads/adstream_lx.ads/www.spiegel.de/homepage/center/L30/965678465/x04/qc/ON52X5959XLOGOBOX/ON52X5959XLOGOBOX_11.html/53454a7a446c4c3733334d4141714f48?_RM_EMPTY_,200,336,0
http://adserv.quality-channel.de/RealMedia/ads/adstream_mjx.ads/www.spiegel.de/homepage/center/1043203696@BottomBottom1Bottom2Bottom3LeftMiddleMiddle1Middle2Middle3Middle4Position1Position2RightRight1Right2Right3Right4Right5RightAutRightEinRightGesRightKarRightKulRightNetRightPanRightPolRightReiRightSpaRightSpoRightUniRightWirRightWisSpezialSub1Sub2Top1Top2TopRightVMiddle2VMiddleVRightx01x02x03x04x05x06x07x08x09x10x11x12x20x21x22x23x70,200,44967,0
http://adserv.quality-channel.de/RealMedia/ads/adstream_mjx.ads/www.spiegel.de/homepage/center/1590603599@BottomBottom1Bottom2Bottom3LeftMiddleMiddle1Middle2Middle3Middle4Position1Position2RightRight1Right2Right3Right4Right5RightAutRightEinRightGesRightKarRightKulRightNetRightPanRightPolRightReiRightSpaRightSpoRightUniRightWirRightWisSpezialSub1Sub2Top1Top2TopRightVMiddle2VMiddleVRightx01x02x03x04x05x06x07x08x09x10x11x12x20x21x22x23x70,200,48940,0
http://adserv.quality-channel.de/RealMedia/ads/cap.cgi?c=flashspon&e=1d&dv=1,302,0,259200
http://adserv.quality-channel.de/RealMedia/ads/Creatives/default/empty.gif,200,43,0
http://adserv.quality-channel.de/RealMedia/ads/Creatives/qc/ON01X6493XLOGOBOXHOME/immowelt_logo_fin.jpg,200,7859,0
http://adserv.quality-channel.de/RealMedia/ads/Creatives/qc/ON01X6684XLOGOBOXHOME/NEUDE_Logo_Adjustment_Web_140x40.jpg,200,27055,0
http://adserv.quality-channel.de/RealMedia/ads/Creatives/qc/ON01X6960XLOGOBOX/immowelt_logo_fin.jpg,200,7859,0
http://adserv.quality-channel.de/RealMedia/ads/Creatives/qc/ON01X6971XBILLBOARDHOME01/01_LOTTO_6aus49_171213.gif,200,28692,0
http://adserv.quality-channel.de/RealMedia/ads/Creatives/qc/ON01X6978XLOGOBOX/logo-monster-neu.jpg,200,9175,259200
http://adserv.quality-channel.de/RealMedia/ads/Creatives/qc/ON02X20005XX1/W_RB_1_230_230.gif,200,37158,0
http://adserv.quality-channel.de/RealMedia/ads/Creatives/qc/ON02XX6993XX4/logobox_140x40_URL.gif,200,2163,0
http://adserv.quality-channel.de/RealMedia/ads/Creatives/qc/ON05XX6993XX3/071_230x230.gif,200,21916,0
http://adserv.quality-channel.de/RealMedia/ads/Creatives/qc/ON23XX4454XX2013X21/HBM_Edition_01_14_230x112.gif,200,33009,0
http://adserv.quality-channel.de/RealMedia/ads/Creatives/qc/ON23XX4454XX2013X21/ON23XX4454XX2013X21_08.html?url=http://adserv.quality-channel.de/RealMedia/ads/click_lx.ads/www.spiegel.de/homepage/center/L30/1724315558/x21/qc/ON23XX4454XX2013X21/ON23XX4454XX2013X21_07.html/53454a7a446c4c3733334d4141714f48?&path=http://adserv.quality-channel.de/RealMedia/ads/Creatives/qc/ON23XX4454XX2013X21/,200,2092,61
http://adserv.quality-channel.de/RealMedia/ads/Creatives/qc/ON23XX4454XX2013X21/ON23XX4454XX2013X21_08.html?url=http://adserv.quality-channel.de/RealMedia/ads/click_lx.ads/www.spiegel.de/homepage/center/L30/1724315558/x21/qc/ON23XX4454XX2013X21/ON23XX4454XX2013X21_07.html/53454a7a446c4c3733334d4141714f48?&path=http://adserv.quality-channel.de/RealMedia/ads/Creatives/qc/ON23XX4454XX2013X21/,200,2092,0
http://adserv.quality-channel.de/RealMedia/ads/Creatives/qc/ON23XX4454XX2013X21_A/ON23XX4454XX2013X21_A_12.html?url=http://adserv.quality-channel.de/RealMedia/ads/click_lx.ads/www.spiegel.de/homepage/center/L30/87738598/x21/qc/ON23XX4454XX2013X21_A/ON23XX4454XX2013X21_A_11.html/53454a7a446c4c3733334d4141714f48?&path=http://adserv.quality-channel.de/RealMedia/ads/Creatives/qc/ON23XX4454XX2013X21_A/,200,2080,0
http://adserv.quality-channel.de/RealMedia/ads/Creatives/qc/ON23XX4454XX2013X21_A/VB_DigiSP_230x112_Dell_Venue.gif,200,19462,0
http://adserv.quality-channel.de/RealMedia/ads/Creatives/qc/ON52X5959XLOGOBOX/verivox-neu.png,200,6921,0
http://adserv.quality-channel.de/RealMedia/ads/Creatives/qc/sp-zaehler-011/zaehler.gif,200,43,0
http://c.spiegel.de/nm_empty.gif?url=http%3A//www.spiegel.de/&referrer=&sp.site=1&sp.atyp=1000&sp.szw=1001&sp.aid=18&sp.channel=18&sp.be=homepage/center,200,43,0
http://c.spiegel.de/nm_empty.gif?url=http%3A//www.spiegel.de/&referrer=&sp.site=1&sp.atyp=1000&sp.szw=1001&sp.aid=18&sp.channel=18&sp.be=homepage/center&sp.vc2=0-3,200,43,259200
http://c.spiegel.de/nm_trck.gif?url=http%3A//www.spiegel.de/&referrer=&sp.site=1&sp.atyp=1000&sp.szw=1001&sp.aid=18&sp.channel=18&sp.be=homepage/center,302,420,0
http://c.spiegel.de/nm_trck.gif?url=http%3A//www.spiegel.de/&referrer=&sp.site=1&sp.atyp=1000&sp.szw=1001&sp.aid=18&sp.channel=18&sp.be=homepage/center&sp.vc2=0-3,302,435,0
http://cdn1.spiegel.de/images/image-199594-hpcolumnright-lyna.jpg,200,16234,259200
http://cdn1.spiegel.de/images/image-427120-hpcpleftcolumn-bbcl.jpg,200,1957,259200
http://cdn1.spiegel.de/images/image-504614-thumb-ispm.jpg,200,11994,259200
http://cdn1.spiegel.de/images/image-573804-hpcolumnright-ykxx.jpg,200,19494,259200
http://cdn1.spiegel.de/images/image-573918-hpcolumnright-flnp.jpg,200,3441,259200
http://cdn1.spiegel.de/images/image-656198-hpcolumnright-tipm.jpg,200,13453,259200
http://cdn1.spiegel.de/images/image-656774-thumb-nsvv.jpg,200,15196,259200
http://cdn1.spiegel.de/images/image-656898-hpcolumnrightsquare-ggou.jpg,200,12503,259200
http://cdn1.spiegel.de/images/image-657094-videothumbmultimedia-ovos.jpg,200,7574,259200
http://cdn1.spiegel.de/images/image-657204-hpcolumnright-zepi.jpg,200,5772,86400
http://cdn1.spiegel.de/images/image-657234-hpcolumnright-ljuq.jpg,200,25227,259200
http://cdn1.spiegel.de/images/image-657324-thumb-jvlg.jpg,200,8962,259200
http://cdn1.spiegel.de/images/image-657344-thumb-fsze.jpg,200,12307,259200
http://cdn1.spiegel.de/images/image-657350-thumb-iysm.jpg,200,11896,259200
http://cdn2.spiegel.de/images/image-590285-hpcpleftcolumn-gomd.jpg,200,10437,259200
http://cdn2.spiegel.de/images/image-656785-thumb-svts.jpg,200,15773,259200
http://cdn2.spiegel.de/images/image-656961-hpcolumnright-qlrz.jpg,200,22603,259200
http://cdn2.spiegel.de/images/image-657011-videothumb-wkgf.jpg,200,12290,259200
http://cdn2.spiegel.de/images/image-657079-hpressortboxleft-tokx.jpg,200,5265,259200
http://cdn3.spiegel.de/images/image-126816-hpcolumnrightsquare-ijsr.jpg,200,12752,21600
http://cdn3.spiegel.de/images/image-429066-thumbsmall-stmf.png,200,12292,86400
http://cdn3.spiegel.de/images/image-457196-thumb-dpwg.jpg,200,9898,259200
http://cdn3.spiegel.de/images/image-656192-hpcolumnright-kjrn.jpg,200,19029,259200
http://cdn3.spiegel.de/images/image-656332-thumbbiga-kdrk.jpg,200,10339,259200
http://cdn3.spiegel.de/images/image-657042-thumbbiga-pjfg.jpg,200,7956,259200
http://cdn4.spiegel.de/images/image-545323-custom-elju.jpg,200,9219,259200
http://cdn4.spiegel.de/images/image-656713-videothumbmultimedia-tysy.jpg,200,4056,259200
http://cdn4.spiegel.de/images/image-656803-hpressortboxleft-htwi.jpg,200,7109,259200
http://cdn4.spiegel.de/images/image-656857-videothumbmultimedia-uqje.jpg,200,8498,259200
http://cdn4.spiegel.de/images/image-656947-hpressortboxleft-vcyu.jpg,200,7444,259200
http://cdn4.spiegel.de/images/image-657087-hpcolumnright-hfiw.jpg,200,7533,259200
http://cdn4.spiegel.de/images/image-657217-thumb-luta.jpg,200,10669,259200
http://cdn4.spiegel.de/images/image-657323-breitwandaufmacher-ocax.jpg,200,27355,259200
http://d.refinedads.com/d.rfa?v=x1&aid=440&oid=903&c1=Spiegel&c2=www.spiegel.de&c3=spiegel_140x40&rfanoip=1&url=,200,57,0
http://d1ftymz617zt1b.cloudfront.net/bb-mx/serve/mtrcs_897887.js,200,59200,21600
http://dc16.s290.meetrics.net/bb-mx/submit?/xN0PBaHAA1whFo0F0wF6vAv3E33FuzEwpFlnFlsFukElvBfpyF+k2FoywAx0AtwAxtAy3AtxA26Az5At4A53A44A3tAyuAw1A0uAytAkxB1zAkiF1yAX0zFq3Xap00F0vFwfF0lFhzFlyFhysF1wAX0zFtJSap00FivF4fF0lFhzFlyFhysF1wAX0zFm7dap00F0vFwfF0lFhzFlyFhysF1wAX0zFIosap00F0vFwfF0lFhzFlyFhysF1wAX0zFliyap00F0vFwfF0lFhzFlyFhysF1wAX0zFjsGap00F0vFwfF0lFhzFlyFhysF1wAX0zFOCdap00F0vFwfF0lFhzFlyFhysF1wAX0zFz57ap00F0vFwfF0lFhzFlyFhysF1wAX0zF1Ncap00F0vFwfF0lFhzFlyFhysF1wAX0zFdXVap00F0vFwfF0lFhzFlyFhysF1wAX0zFBiHap00F0vFwfF0lFhzFlyFhysF1wAX0zFWCnRj00FisFvnFhysF1wAX0zFZyXRj00FisFvnFhysF1wAX0zFFFqdr00FolFm0F2vFyzFjoFh1FhysF1wAX0zFEmqdr00FolFm0F2vFyzFjoFh1FhysF1wAX0zF4pEgt00FthFnhF6pFutB0lFhzFlyFhysF1wAX0zFy4Wgt00FthFnhF6pFutB0lFhzFlyFhysF1wAX0zFfLmgt00FthFnhF6pFutB0lFhzFlyFhysF1wAX0zFGfqgt00FthFnhF6pFutB0lFhzFlyFhysF1wAX0zF5jMap00FivFlyFzlFfiFv4FhysF1wAX0zFV+Lgt00FthFnhF6pFutB0lFhzFlyFhysF1wATkzFdFAAAAAA6SRbcdEGGAAAAA6SRbcdEBSksF0LEYAAkHAcNASGAoAAMq3XAAAAAGAo2BWYF5CEEOKANOAmDA1EAyAAMtJSAAAAAGAYBFKtFEBFEYAASUAiJAnGAXEAMm7dAAAAAGAj5BuwB4BEEYAASbAiJALFAlEAMIosAAAAAGA4sE05B1CEEYAA2gAiJAIIAlEAMliyAAAAAGAviFOjF4BFEYAAXpAiJAfHAZEAMjsGAAAAAGAHFFXMF5BFEYAAPxAiJAAJAPEAMOCdAAAAAGAVkFBCFVCFEYAAo6AiJADIAQEAMz57AAAAAGA4qFVpFzDEEYAAEDBiJADIA3EAM1NcAAAAAGAnjFLTF3BFEYAA8NBiJAiGAfFAMdXVAAAAAGA1HFitFCBFEYAA3UBiJAuEA6DAMBiHAAAAAGAOqF3IFxDFEYAAVfBsGA7EAIEAMWCnAAAAAGA55E22B5BEEOKAVfBmDAkEAbAAMZyXAAAAAGAqzBv2E5BEEYAAPlBoKASGAnCAMFFqAAAAAGA1KFhVFzCFEALAtlB0CAkFA1BAMEmqAAAAAGAVFFnvBvBEEYAADtBiJAzEAVEAM4pEAAAAAGAxJFywBwBFEYAAh5BiJAQGAiFAMy4WAAAAAGAzIEt5FyBFEYAApECiJA4EAsDAMfLmAAAAAGAaVFzvBODFEYAA4OCiJAWFAVEAMGfqAAAAAGAzNEm5FEBFEYAAkXCcNAfCAuIAM5jMAAAAAGAS5BytFICFEYAAlbCiJAmIAkDAMV+LAAAAAGA3vFTiFJBF,200,43,0
http://dc16.s290.meetrics.net/bb-mx/submit?/xN0PCWLAAX0zFSm3gt00FthFnhF6pFutB0lFhzFlyFhysF1wAX0zFE+Cgt00FthFnhF6pFutB0lFhzFlyFhysF1wAX0zF7gdgt00FthFnhF6pFutB0lFhzFlyFhysF1wAX0zFWLsgt00FthFnhF6pFutB0lFhzFlyFhysF1wAX0zFi1bgt00FthFnhF6pFutB0lFhzFlyFhysF1wAX0zF1lLgt00FthFnhF6pFutB0lFhzFlyFhysF1wAX0zF6nKgt00FthFnhF6pFutB0lFhzFlyFhysF1wAX0zF8bCgt00FthFnhF6pFutB0lFhzFlyFhysF1wAX0zFUYfap00Fh1FnlFuiFspFjrFhysF1wAX0zFKFaao00F0vFwfF0oFltFhBFhysF1wAX0zFvHCao00F0vFwfF0oFltFhBFhysF1wAX0zFkhIao00F0vFwfF0oFltFhBFhysF1wAX0zFGJ8ao00F0vFwfF0oFltFhBFhysF1wAX0zFE8Zap00FivF4fF0lFhzFlyFhysF1wAX0zFii0ap00FivF4fF0lFhzFlyFhysF1wAX0zFQ2Dap00FivF4fF0lFhzFlyFhysF1wAX0zF0gbap00FivF4fF0lFhzFlyFhysF1wAX0zF4Ltap00FivF4fF0lFhzFlyFhysF1wAX0zFfbOap00FivF4fF0lFhzFlyFhysF1wAX0zF8xKap00FivF4fF0lFhzFlyFhysF1wAX0zFCW+ap00FivF4fF0lFhzFlyFhysF1wAX0zFDIEap00FivF4fF0lFhzFlyFhysF1wAX0zFnskap00FivF4fF0lFhzFlyFhysF1wATkzFASksFYMEYAADpCiJAQEAQEAMSm3AAAAAGAzpF2mFtBFEYAAtxCiJARFAyEAME+CAAAAAGAw2Ar1AuCFEYAAY7CiJAzEAbEAM7gdAAAAAGATaFa2BaCFEYAADFDiJAzEAZEAMWLsAAAAAGAhoF32AZBFEYAAyNDiJAzEAXEAMi1bAAAAAGAx5FYCFGBFEYAA/WDiJAWFADEAM1lLAAAAAGAKhFVJF5BFEYAARgDiJAuEA/EAM6nKAAAAAGANuFLwBQEFEYAAZpDiJARFAdEAM8bCAAAAAGAVxFqyFuCFEYAAK3DcNAePAkAAMUYfAAAAAGA33FwwBaCFE8CAKEAjCANAAiAAMKFaAAAAAGAxUFWTFiDFEgFAKEA9AANAALAAMvHCAAAAAGAjDFP6FNCFEfGAKEATBANAAQAAMkhIAAAAAGAHoFrvEiEFE1HAKEAwAANAAJAAMGJ8AAAAAGAx3F5FExCFEOKA4TAmDAlCAiAAME8ZAAAAAGAK2BV2BxDFEOKANXAmDAYCAbAAMii0AAAAAGAS3FGPFnBFEOKAyaAmDArCAbAAMQ2DAAAAAGAhPFNTFDCFEOKAidAmDAaAAyAAM0gbAAAAAGA0NES2BIBFEYAA8QAiJA6AAuAAM4LtAAAAAGAwFF3NFpBFEYAA7RAiJAdAAuAAMfbOAAAAAGA5aEvmE4BFEYAAdSAiJAdAAkAAM8xKAAAAAGAvPEtUFYBFEYAA/SAiJA6AA0AAMCW+AAAAAGAzVF2uEjBFEYAA7YAiJAdAAmAAMDIEAAAAAGAB4F2NFwCE,200,43,0
http://dc16.s290.meetrics.net/bb-mx/submit?/xN0PDhMAAX0zFj7Pap00FivF4fF0lFhzFlyFhysF1wAX0zF7oQap00FivF4fF0lFhzFlyFhysF1wAX0zFr7Bap00FivF4fF0lFhzFlyFhysF1wAX0zFFsGap00FivF4fF0lFhzFlyFhysF1wAW0zFjJap00FivF4fF0lFhzFlyFhysF1wAX0zFlSUap00FivF4fF0lFhzFlyFhysF1wAX0zFuDoap00FivF4fF0lFhzFlyFhysF1wAX0zFmA1ap00FivF4fF0lFhzFlyFhysF1wAX0zFl4nap00FivF4fF0lFhzFlyFhysF1wAX0zF7Ymap00FivF4fF0lFhzFlyFhysF1wAX0zFj27ap00FivF4fF0lFhzFlyFhysF1wAX0zFDckap00FivF4fF0lFhzFlyFhysF1wAX0zFo6Yap00FivF4fF0lFhzFlyFhysF1wAX0zFS/fap00FivF4fF0lFhzFlyFhysF1wAX0zFHfBap00FivF4fF0lFhzFlyFhysF1wAX0zF/xHap00FivF4fF0lFhzFlyFhysF1wAX0zF4cVap00FivF4fF0lFhzFlyFhysF1wAX0zFm33ap00FivF4fF0lFhzFlyFhysF1wAX0zFZhGap00FivF4fF0lFhzFlyFhysF1wAX0zFOI2ap00FivF4fF0lFhzFlyFhysF1wAX0zFEsWap00FivF4fF0lFhzFlyFhysF1wAX0zF3ukap00FivF4fF0lFhzFlyFhysF1wAX0zFuS3dr00F2pFklFvfF0lFhzFlyFhysF1wATkzFASksF8MEYAAdZAiJA6AAuAAMnskAAAAAGAXlF2WE2DFEYAAcaAiJAdAAfAAMj7PAAAAAGAwUF5mF5DEEYAAjmAiJAdAAaAAM7oQAAAAAGAzHFnzFxBFEYAAFnAiJA6AAcAAMr7BAAAAAGAm1BzPEhBFEYAAEoAiJA6AA8AAMFsGAAAAAGAjZFEhFWDFEYAA9uAiJA6AA4AAMjJAAAAAAGAu5FE3FxBFEYAA8vAiJA6AAtAAMlSUAAAAAGAqlFujF0EFEYAAY2AiJA6AA6AAMuDoAAAAAGAQQFhSF5BFEYAAX3AiJA6AAtAAMmA1AAAAAGAraFLSF3BFEYAAW4AiJA6AA5AAMl4nAAAAAGAjuFKwFxDFEYAAV5AiJA6AAoAAM7YmAAAAAGAxhFT0FCBFEYAAQABiJA6AAxAAMj27AAAAAGA2KFI2FDEFEYAAPBBiJA6AAzAAMDckAAAAAGA4BEwRFrCFEYAAOCBiJAdAAlAAMo6YAAAAAGAMxBqaFECFEYAAKIBiJAdAAPAAMS/fAAAAAGAqHF5GE4CEEYAAsIBiJA6AAxAAMHfBAAAAAGA2KFI2FDEFEYAArJBiJAdAApAAM/xHAAAAAGAx4FVvFoBFEYAANKBiJA6AAzAAM4cVAAAAAGA4BEwRFrCFEYAAbLB2CAICAXAAMm33AAAAAGAHpF30EIDFEODAbLBWDAICAUAAMZhGAAAAAGAHzBvUE6BFEkGAbLBWDAICAiAAMOI2AAAAAGAlxBVCFOCFEYAAfTBiJAdAAmAAMEsWAAAAAGA2oElRFPEFEYAABUBiJAdAAVAAM3ukAAAAAGAvnE04AvBF,200,43,0
http://dc16.s290.meetrics.net/bb-mx/submit?/xN0PENQAAX0zFFLudr00F2pFklFvfF0lFhzFlyFhysF1wAX0zFcjHdr00F2pFklFvfF0lFhzFlyFhysF1wAX0zFLmadr00F2pFklFvfF0lFhzFlyFhysF1wAX0zFtqddr00F2pFklFvfF0lFhzFlyFhysF1wAX0zFAi6dr00F2pFklFvfF0lFhzFlyFhysF1wAX0zFmyMdr00F2pFklFvfF0lFhzFlyFhysF1wAX0zFTEEdr00F2pFklFvfF0lFhzFlyFhysF1wAX0zFcVedr00F2pFklFvfF0lFhzFlyFhysF1wAX0zFQVkdr00F2pFklFvfF0lFhzFlyFhysF1wAX0zFKd8ap00FivF4fF0lFhzFlyFhysF1wAX0zFoD/ap00FivF4fF0lFhzFlyFhysF1wAX0zFUqKap00FivF4fF0lFhzFlyFhysF1wAX0zFiQxap00FivF4fF0lFhzFlyFhysF1wAX0zF0htap00FivF4fF0lFhzFlyFhysF1wAX0zFSKnap00FivF4fF0lFhzFlyFhysF1wAX0zF6f4ap00FivF4fF0lFhzFlyFhysF1wAX0zF20yap00FivF4fF0lFhzFlyFhysF1wAX0zF4IPap00FivF4fF0lFhzFlyFhysF1wAX0zFoN/ap00FivF4fF0lFhzFlyFhysF1wAX0zFWf+ap00FivF4fF0lFhzFlyFhysF1wAX0zFa9zap00FivF4fF0lFhzFlyFhysF1wAX0zFmYzap00FivF4fF0lFhzFlyFhysF1wAX0zFX98ap00FivF4fF0lFhzFlyFhysF1wATkzFASksF8MEYAAcbBgCAsCAhAAMuS3AAAAAGAtMFZ3FzDEEHDAcbBgCAfCAiAAMFLuAAAAAGAYDFiTFwCEE2FAcbBgCAsCA4AAMcjHAAAAAGA5hEvVFyBFElIAcbBgCAfCAYAAMLmaAAAAAGABZFavB2BFEULAcbBgCAfCAZAAMtqdAAAAAGAmYF1VFqBFE2FAcbBgCAfCAXAAMAi6AAAAAGAG0F2RF2DEEYAAcbBgCAfCAnAAMmyMAAAAAGAIyFXYFSCFEHDAcbBgCAsCAgAAMTEEAAAAAGAaXFtlF1CFE2FAcbBgCA5CADBAMcVeAAAAAGAkXFywEXDFElIAcbBgCAsCAwAAMQVkAAAAAGAurBZnFhBFEOKADtBmDA7BAVAAMKd8AAAAAGAE4B0xAqBFEOKAIvBmDAICAXAAMoD/AAAAAGAkkFMQFVCFEOKAh5BmDAICA5AAMUqKAAAAAGAytFUWFFBFEOKAz7BmDAICAYAAMiQxAAAAAGAn5FnwFaBFEOKApECmDAICA8AAM0htAAAAAGA0HEwIFsCFEOKA7GCmDAICAoAAMSKnAAAAAGAj1FiRFOCFEOKA4OCmDAICAkAAM6f4AAAAAGAysFEDF3DEEOKAKRCmDAICAfAAM20yAAAAAGA34BHyF2CEEOKADpCmDAICAeAAM4IPAAAAAGAkCFWlF1DEEOKAVrCmDAICAkAAMoN/AAAAAGAF0BmQFpBFEOKAY7CmDAVCA6AAMWf+AAAAAGA1OFXmFwBFEOKA39CmDAICAfAAMa9zAAAAAGA1qEOwByCFEOKADFDmDAICArAAMmYzAAAAAGAyMExvExBF,200,43,0
http://dc16.s290.meetrics.net/bb-mx/submit?/xN0PF3WAAX0zFqf/ap00FivF4fF0lFhzFlyFhysF1wAX0zFLbjap00FivF4fF0lFhzFlyFhysF1wAX0zFNP0ap00FivF4fF0lFhzFlyFhysF1wAX0zF7/iap00FivF4fF0lFhzFlyFhysF1wAX0zFikFap00FivF4fF0lFhzFlyFhysF1wAX0zFUwvap00FivF4fF0lFhzFlyFhysF1wAX0zFuLUap00FivF4fF0lFhzFlyFhysF1wAX0zFg3nap00FivF4fF0lFhzFlyFhysF1wAX0zFqMlao00FzwFhtFfsFpuFlBFhysF1wAX0zF6Kdao00FzwFhtFfsFpuFlBFhysF1wAX0zF7QCao00FzwFhtFfsFpuFlBFhysF1wAX0zFHDBao00FzwFhtFfsFpuFlBFhysF1wAX0zFvOiao00FzwFhtFfsFpuFlBFhysF1wAX0zFgeUao00FzwFhtFfsFpuFlBFhysF1wAX0zFKOeao00FzwFhtFfsFpuFlBFhysF1wAX0zFtBPap00FivF4fF0lFhzFlyFhysF1wAX0zF3+9ap00FivF4fF0lFhzFlyFhysF1wAkl2F22AyyA5BEKktFLkqFFlqwF45A34A43AOprFfNbD7wkFTQFJFFHFFMgBPOFMJFOFFgtAgOEhjFoyFpjFo0FluF+p1Fkk3B2jEj3B1lEt1Ah4BytA0hEhlFthE20A3tAj2Bl0B51Ah1BhjFhlFLkmFBTkzFASksFIKEOKAVHDmDA7BAiAAMX98AAAAAGA3LFE0BlBFEOKAyNDmDAICAlAAMqf/AAAAAGAIFFIzBDCFEOKAEQDmDAICAhAAMLbjAAAAAGALiFlQFYBFEOKA/WDmDA7BAXAAMNP0AAAAAGAJuFPHFLBFEOKAEZDmDA7BATAAM7/iAAAAAGARxFWiFHBFEOKARgDmDA7BAOAAMikFAAAAAGAhrFOjFGBFEOKAWiDmDAICAaAAMUwvAAAAAGAimF5yBKCFEOKAZpDmDAICAjAAMuLUAAAAAGAUpF4qEtCFEOKArrDmDAICAbAAMg3nAAAAAGAlZF1TFzBFEYAAmyDiJAdAAUAAMqMlAAAAAGA4QEakFDBFEYAAIzDiJAdAAfAAM6KdAAAAAGAvsEvKENBFEYAAqzDiJAdAAXAAM7QCAAAAAGA3oFBMFwBFEYAAM0DiJA6AA8AAMHDBAAAAAGAGXFW1BwCEEYAAL1DiJAdAAaAAMvOiAAAAAGASPFXlFmBFEYAAt1DiJAdAAZAAMgeUAAAAAGAaKFSzB2DEEYAAP2DiJAdAAqAAMKOeAAAAAGAD2BG1BsBFEOKAmyDmDA7BAQAAMtBPAAAAAGA1RF0xE0BEEOKAr0DmDANAAPAAM3+9AAAAAGASyBriEKBF,200,43,0
http://dc72.s290.meetrics.net/bb-mx/submit?/r29HBxGAA1whFo0F0wF6vAv3E33FuzEwpFlnFlsFukElvBfpyF+k2FoywAx0AtwAxtAy3AtxA26Az5At4A53A44A3tAyuAw1A0uAytAkxB1zAkiF1yAX0zFq3Xap00F0vFwfF0lFhzFlyFhysF1wAX0zFtJSap00FivF4fF0lFhzFlyFhysF1wAX0zFm7dap00F0vFwfF0lFhzFlyFhysF1wAX0zFIosap00F0vFwfF0lFhzFlyFhysF1wAX0zFliyap00F0vFwfF0lFhzFlyFhysF1wAX0zFjsGap00F0vFwfF0lFhzFlyFhysF1wAX0zFOCdap00F0vFwfF0lFhzFlyFhysF1wAX0zFz57ap00F0vFwfF0lFhzFlyFhysF1wAX0zF1Ncap00F0vFwfF0lFhzFlyFhysF1wAX0zFdXVap00F0vFwfF0lFhzFlyFhysF1wAX0zFBiHap00F0vFwfF0lFhzFlyFhysF1wAX0zFWCnRj00FisFvnFhysF1wAX0zFZyXRj00FisFvnFhysF1wAX0zFFFqdr00FolFm0F2vFyzFjoFh1FhysF1wAX0zFEmqdr00FolFm0F2vFyzFjoFh1FhysF1wAX0zF4pEgt00FthFnhF6pFutB0lFhzFlyFhysF1wAX0zFy4Wgt00FthFnhF6pFutB0lFhzFlyFhysF1wAX0zFfLmgt00FthFnhF6pFutB0lFhzFlyFhysF1wAX0zFGfqgt00FthFnhF6pFutB0lFhzFlyFhysF1wAX0zF5jMap00FivFlyFzlFfiFv4FhysF1wAX0zFV+Lgt00FthFnhF6pFutB0lFhzFlyFhysF1wATkzFdFAAAAAA6SRbHYEGGAAAAA6SRbHYEBSksF0LEYAAkHAcNASGAoAAMq3XAAAAAGAo2BWYF5CEEOKANOAmDA1EAyAAMtJSAAAAAGAYBFKtFEBFEYAASUAiJAnGAXEAMm7dAAAAAGAj5BuwB4BEEYAASbAiJALFAlEAMIosAAAAAGA4sE05B1CEEYAA2gAiJAIIAlEAMliyAAAAAGAviFOjF4BFEYAAXpAiJAfHAZEAMjsGAAAAAGAHFFXMF5BFEYAAPxAiJAAJAPEAMOCdAAAAAGAVkFBCFVCFEYAAo6AiJADIAQEAMz57AAAAAGA4qFVpFzDEEYAAEDBiJADIA3EAM1NcAAAAAGAnjFLTF3BFEYAA8NBiJAiGAfFAMdXVAAAAAGA1HFitFCBFEYAA3UBiJAuEA6DAMBiHAAAAAGAOqF3IFxDFEYAAIfBsGA7EAIEAMWCnAAAAAGA55E22B5BEEOKAIfBmDAkEAbAAMZyXAAAAAGAqzBv2E5BEEYAAClBoKAvFA9CAMFFqAAAAAGA1KFhVFzCFEALAglB0CAkFA1BAMEmqAAAAAGAVFFnvBvBEEYAAmsBiJAzEAVEAM4pEAAAAAGAxJFywBwBFEYAAs4BiJAQGAiFAMy4WAAAAAGAzIEt5FyBFEYAAcDCiJA4EAsDAMfLmAAAAAGAaVFzvBODFEYAATNCiJAWFAVEAMGfqAAAAAGAzNEm5FEBFEYAAnVCcNAfCAuIAM5jMAAAAAGAS5BytFICFEYAAoZCiJAmIAkDAMV+LAAAAAGA3vFTiFJBF,200,43,0
http://dc72.s290.meetrics.net/bb-mx/submit?/r29HCcJAAX0zFSm3gt00FthFnhF6pFutB0lFhzFlyFhysF1wAX0zFE+Cgt00FthFnhF6pFutB0lFhzFlyFhysF1wAX0zF7gdgt00FthFnhF6pFutB0lFhzFlyFhysF1wAX0zFWLsgt00FthFnhF6pFutB0lFhzFlyFhysF1wAX0zFi1bgt00FthFnhF6pFutB0lFhzFlyFhysF1wAX0zF1lLgt00FthFnhF6pFutB0lFhzFlyFhysF1wAX0zF6nKgt00FthFnhF6pFutB0lFhzFlyFhysF1wAX0zF8bCgt00FthFnhF6pFutB0lFhzFlyFhysF1wAX0zFUYfap00Fh1FnlFuiFspFjrFhysF1wAX0zFKFaao00F0vFwfF0oFltFhBFhysF1wAX0zFvHCao00F0vFwfF0oFltFhBFhysF1wAX0zFkhIao00F0vFwfF0oFltFhBFhysF1wAX0zFGJ8ao00F0vFwfF0oFltFhBFhysF1wAX0zFE8Zap00FivF4fF0lFhzFlyFhysF1wAX0zFtdjap00FivF4fF0lFhzFlyFhysF1wAX0zFBKVap00FivF4fF0lFhzFlyFhysF1wAX0zFu96ap00FivF4fF0lFhzFlyFhysF1wAX0zFaXGap00FivF4fF0lFhzFlyFhysF1wAX0zFJaKap00FivF4fF0lFhzFlyFhysF1wAX0zFaB8ap00FivF4fF0lFhzFlyFhysF1wAX0zFtdIap00FivF4fF0lFhzFlyFhysF1wAX0zFdQRap00FivF4fF0lFhzFlyFhysF1wAX0zF4wNap00FivF4fF0lFhzFlyFhysF1wATkzFASksFYMEYAAumCiJAQEAQEAMSm3AAAAAGAzpF2mFtBFEYAAAvCiJARFAyEAME+CAAAAAGAw2Ar1AuCFEYAAT4CiJAzEAbEAM7gdAAAAAGATaFa2BaCFEYAAmBDiJAzEAZEAMWLsAAAAAGAhoF32AZBFEYAA9JDiJAzEAXEAMi1bAAAAAGAx5FYCFGBFEYAAySDiJAWFADEAM1lLAAAAAGAKhFVJF5BFEYAAsbDiJAuEA/EAM6nKAAAAAGANuFLwBQEFEYAAckDiJARFAdEAM8bCAAAAAGAVxFqyFuCFEYAA1xDcNAePAkAAMUYfAAAAAGA33FwwBaCFE8CAKEAjCANAAiAAMKFaAAAAAGAxUFWTFiDFEgFAKEA9AANAALAAMvHCAAAAAGAjDFP6FNCFEfGAKEATBANAAQAAMkhIAAAAAGAHoFrvEiEFE1HAKEAwAANAAJAAMGJ8AAAAAGAx3F5FExCFEOKA4TAmDAlCAiAAME8ZAAAAAGAK2BV2BxDFEYAA8QAiJA6AAuAAMtdjAAAAAGAwFF3NFpBFEYAA7RAiJAdAAuAAMBKVAAAAAGA5aEvmE4BFEYAAdSAiJAdAAkAAMu96AAAAAGAvPEtUFYBFEYAA/SAiJA6AA0AAMaXGAAAAAGAzVF2uEjBFEYAA7YAiJAdAAmAAMJaKAAAAAGAB4F2NFwCEEYAAdZAiJA6AAuAAMaB8AAAAAGAXlF2WE2DFEYAAcaAiJAdAAfAAMtdIAAAAAGAwUF5mF5DEEYAAjmAiJAdAAaAAMdQRAAAAAGAzHFnzFxBF,200,43,0
http://dc72.s290.meetrics.net/bb-mx/submit?/r29HDNKAAX0zFAC3ap00FivF4fF0lFhzFlyFhysF1wAX0zFdCjap00FivF4fF0lFhzFlyFhysF1wAX0zFct6ap00FivF4fF0lFhzFlyFhysF1wAX0zFTLYap00FivF4fF0lFhzFlyFhysF1wAX0zFCd+ap00FivF4fF0lFhzFlyFhysF1wAX0zF3pTap00FivF4fF0lFhzFlyFhysF1wAX0zFpSrap00FivF4fF0lFhzFlyFhysF1wAX0zFCt+ap00FivF4fF0lFhzFlyFhysF1wAX0zFbpHap00FivF4fF0lFhzFlyFhysF1wAX0zFwlPap00FivF4fF0lFhzFlyFhysF1wAX0zFdDxap00FivF4fF0lFhzFlyFhysF1wAX0zFEimap00FivF4fF0lFhzFlyFhysF1wAX0zFhM2ap00FivF4fF0lFhzFlyFhysF1wAX0zFHRbap00FivF4fF0lFhzFlyFhysF1wAX0zFdlSap00FivF4fF0lFhzFlyFhysF1wAX0zFfkFap00FivF4fF0lFhzFlyFhysF1wAX0zFkttap00FivF4fF0lFhzFlyFhysF1wAX0zFv1Dap00FivF4fF0lFhzFlyFhysF1wAX0zF2Auap00FivF4fF0lFhzFlyFhysF1wAX0zF+4bdr00F2pFklFvfF0lFhzFlyFhysF1wAX0zFA/udr00F2pFklFvfF0lFhzFlyFhysF1wAX0zFAyvdr00F2pFklFvfF0lFhzFlyFhysF1wAX0zFYDBdr00F2pFklFvfF0lFhzFlyFhysF1wATkzFASksF8MEYAAFnAiJA6AAcAAM4wNAAAAAGAm1BzPEhBFEYAAEoAiJA6AA8AAMAC3AAAAAGAjZFEhFWDFEYAA9uAiJA6AA4AAMdCjAAAAAGAu5FE3FxBFEYAA8vAiJA6AAtAAMct6AAAAAGAqlFujF0EFEYAAY2AiJA6AA6AAMTLYAAAAAGAQQFhSF5BFEYAAX3AiJA6AAtAAMCd+AAAAAGAraFLSF3BFEYAAW4AiJA6AA5AAM3pTAAAAAGAjuFKwFxDFEYAAV5AiJA6AAoAAMpSrAAAAAGAxhFT0FCBFEYAAQABiJA6AAxAAMCt+AAAAAGA2KFI2FDEFEYAAPBBiJA6AAzAAMbpHAAAAAGA4BEwRFrCFEYAAOCBiJAdAAlAAMwlPAAAAAGAMxBqaFECFEYAAKIBiJAdAAPAAMdDxAAAAAGAqHF5GE4CEEYAAsIBiJA6AAxAAMEimAAAAAGA2KFI2FDEFEYAArJBiJAdAApAAMhM2AAAAAGAx4FVvFoBFEYAANKBiJA6AAzAAMHRbAAAAAGA4BEwRFrCFEYAAbLB2CAICAXAAMdlSAAAAAGAHpF30EIDFEODAbLBWDAICAUAAMfkFAAAAAGAHzBvUE6BFEkGAbLBWDAICAiAAMkttAAAAAGAlxBVCFOCFEYAAfTBiJAdAAmAAMv1DAAAAAGA2oElRFPEFEYAABUBiJAdAAVAAM2AuAAAAAGAvnE04AvBFEYAAcbBgCAsCAhAAM+4bAAAAAGAtMFZ3FzDEEHDAcbBgCAfCAiAAMA/uAAAAAGAYDFiTFwCEE2FAcbBgCAsCA4AAMAyvAAAAAGA5hEvVFyBF,200,43,0
http://dc72.s290.meetrics.net/bb-mx/submit?/r29HECOAAX0zFV2sdr00F2pFklFvfF0lFhzFlyFhysF1wAX0zF3PCap00FivF4fF0lFhzFlyFhysF1wAX0zFbqUap00FivF4fF0lFhzFlyFhysF1wAX0zF4G8ap00FivF4fF0lFhzFlyFhysF1wAX0zFA2Pap00FivF4fF0lFhzFlyFhysF1wAX0zFk/4ap00FivF4fF0lFhzFlyFhysF1wAX0zFoA3ap00FivF4fF0lFhzFlyFhysF1wAX0zFteKap00FivF4fF0lFhzFlyFhysF1wAX0zFX5wap00FivF4fF0lFhzFlyFhysF1wAX0zFxq9ap00FivF4fF0lFhzFlyFhysF1wAX0zF5W0ap00FivF4fF0lFhzFlyFhysF1wAX0zFbYmap00FivF4fF0lFhzFlyFhysF1wAX0zF0VOap00FivF4fF0lFhzFlyFhysF1wAX0zFqc+ap00FivF4fF0lFhzFlyFhysF1wAX0zF19zap00FivF4fF0lFhzFlyFhysF1wAX0zF879ap00FivF4fF0lFhzFlyFhysF1wAX0zFwBKap00FivF4fF0lFhzFlyFhysF1wAX0zF5a3ap00FivF4fF0lFhzFlyFhysF1wAX0zFC/jap00FivF4fF0lFhzFlyFhysF1wAX0zF9V3ap00FivF4fF0lFhzFlyFhysF1wAX0zFdnkap00FivF4fF0lFhzFlyFhysF1wAX0zF14bap00FivF4fF0lFhzFlyFhysF1wAX0zFah0ap00FivF4fF0lFhzFlyFhysF1wATkzFASksF8MElIAcbBgCAfCAYAAMYDBAAAAAGABZFavB2BFEULAcbBgCAfCAZAAMV2sAAAAAGAmYF1VFqBFEOKAmsBmDA7BAVAAM3PCAAAAAGAE4B0xAqBFEOKAruBmDAICAXAAMbqUAAAAAGAkkFMQFVCFEOKAs4BmDAICA5AAM4G8AAAAAGAytFUWFFBFEOKA+6BmDAICAYAAMA2PAAAAAGAn5FnwFaBFEOKAcDCmDAICA8AAMk/4AAAAAGA0HEwIFsCFEOKAuFCmDAICAoAAMoA3AAAAAGAj1FiRFOCFEOKATNCmDAICAkAAMteKAAAAAGAysFEDF3DEEOKAlPCmDAICAfAAMX5wAAAAAGA34BHyF2CEEOKAoZCmDAICAYAAMxq9AAAAAGA55AwBEKBFEOKA6bCmDAAEAeAAM5W0AAAAAGArvFlDFBCFEOKAumCmDAICAeAAMbYmAAAAAGAkCFWlF1DEEOKAApCmDAICAkAAM0VOAAAAAGAF0BmQFpBFEOKAAvCmDA7BAWAAMqc+AAAAAGABZFGvFPCFEOKAFxCmDAICAeAAM19zAAAAAGAPDFyvAYCFEOKAT4CmDAVCA6AAM879AAAAAGA1OFXmFwBFEOKAy6CmDAICAfAAMwBKAAAAAGA1qEOwByCFEOKAmBDmDAICArAAM5a3AAAAAGAyMExvExBFEOKA4DDmDA7BAiAAMC/jAAAAAGA3LFE0BlBFEOKA9JDmDAICAlAAM9V3AAAAAGAIFFIzBDCFEOKAPMDmDAICAhAAMdnkAAAAAGALiFlQFYBFEOKAySDmDA7BAXAAM14bAAAAAGAJuFPHFLBF,200,43,0
http://dc72.s290.meetrics.net/bb-mx/submit?/r29HFH5AAX0zFLhgap00FivF4fF0lFhzFlyFhysF1wAX0zFNkOap00FivF4fF0lFhzFlyFhysF1wAX0zFRcHap00FivF4fF0lFhzFlyFhysF1wAX0zFb1aap00FivF4fF0lFhzFlyFhysF1wAX0zFcRvao00FzwFhtFfsFpuFlBFhysF1wAX0zFYRIao00FzwFhtFfsFpuFlBFhysF1wAX0zFACvao00FzwFhtFfsFpuFlBFhysF1wAX0zFlxvao00FzwFhtFfsFpuFlBFhysF1wAX0zFHv2ao00FzwFhtFfsFpuFlBFhysF1wAX0zFfM9ao00FzwFhtFfsFpuFlBFhysF1wAX0zF6fPao00FzwFhtFfsFpuFlBFhysF1wAX0zFrykap00FivF4fF0lFhzFlyFhysF1wAX0zFJSuap00FivF4fF0lFhzFlyFhysF1wAkl2F22AyyA5BEKktFLkqFFlqwF45A34A43AK2mFLkqFK2kyB45A34A43A6mEllFkiFhjFr6BwyFl0FptFlBFX0zFH+Uap00FivF4fF0lFhzFlyFhysF1wAX0zFUKKdr00F2pFklFvfF0lFhzFlyFhysF1wAX0zF4ntdr00F2pFklFvfF0lFhzFlyFhysF1wAX0zF9Yqdr00F2pFklFvfF0lFhzFlyFhysF1wAX0zFgvldr00F2pFklFvfF0lFhzFlyFhysF1wAX0zFo8Odr00F2pFklFvfF0lFhzFlyFhysF1wAX0zFj8Xap00FivF4fF0lFhzFlyFhysF1wAX0zFvBVap00FivF4fF0lFhzFlyFhysF1wATkzFtP1kAoFAQJAcAAAAPXPAOKAyaABj8XAPDAAOKAidABvBVASksFYMEOKA3UDmDA7BATAAMah0AAAAAGARxFWiFHBFEOKAsbDmDA7BAOAAMLhgAAAAAGAhrFOjFGBFEOKAxdDmDAICAaAAMNkOAAAAAGAimF5yBKCFEOKAckDmDAICAjAAMRcHAAAAAGAUpF4qEtCFEOKAumDmDAICAbAAMb1aAAAAAGAlZF1TFzBFEYAARtDiJAdAAUAAMcRvAAAAAGA4QEakFDBFEYAAztDiJAdAAfAAMYRIAAAAAGAvsEvKENBFEYAAVuDiJAdAAXAAMACvAAAAAGA3oFBMFwBFEYAA3uDiJA6AA8AAMlxvAAAAAGAGXFW1BwCEEYAA2vDiJAdAAaAAMHv2AAAAAGASPFXlFmBFEYAAYwDiJAdAAZAAMfM9AAAAAGAaKFSzB2DEEYAA6wDiJAdAAqAAM6fPAAAAAGAD2BG1BsBFEOKARtDmDA7BAQAAMrykAAAAAGA1RF0xE0BEEOKAWvDmDANAAPAAMJSuAAAAAGASyBriEKBFEOKANXAmDAYCAbAAMH+UAAAAAGAS3FGPFnBFE2FAcbBgCAfCAXAAMUKKAAAAAGAG0F2RF2DEEYAAcbBgCAfCAnAAM4ntAAAAAGAIyFXYFSCFEHDAcbBgCAsCAgAAM9YqAAAAAGAaXFtlF1CFE2FAcbBgCA5CADBAMgvlAAAAAGAkXFywEXDFElIAcbBgCAsCAwAAMo8OAAAAAGAurBZnFhBFEOKAyaALHArCAbAAMj8XAAAAAGAhPFNTFDCFEOKAidALHANAAyAAMvBVAAAAAGA0NES2BIBF,200,43,0
http://dc72.s290.meetrics.net/bb-mx/submit?/r29HGP5AAOprFfNbD7wkFTQFJFFHFFMgBPOFMJFOFFgtAgOEhjFoyFpjFo0FluF+p1Fkk3B2jEj3B1lEt1Ah4BytA0hEhlFthE20A3tAj2Bl0B51Ah1BhjFhlFLkmFBTkzFARksFA,200,43,0
http://dc72.s290.meetrics.net/bb-mx/submit?/r29HHaYBAX0zFYajap00FivF4fF0lFhzFlyFhysF1wAX0zFbFwap00FivF4fF0lFhzFlyFhysF1wAX0zFykfap00FivF4fF0lFhzFlyFhysF1wAX0zFr0eap00FivF4fF0lFhzFlyFhysF1wAX0zFF2Hap00FivF4fF0lFhzFlyFhysF1wAX0zFW6bap00FivF4fF0lFhzFlyFhysF1wAX0zFPE4ap00FivF4fF0lFhzFlyFhysF1wAX0zFrm6ap00FivF4fF0lFhzFlyFhysF1wAUkzFHRPpJAOKAzhABYajAPtBAOKAmnABbFwAPGAAOKAQqABykfAPEAAOKAvqABr0eAPnDAOKADtBK3PCAPBAAYAAZpDK8bCAPAAAYAAtxCKE+CAPAAAYAADtBK4pEAPBAAOKAZpDKRcHAPAAAYAAIzDKYRIAPAAAOKA39CKwBKAPAAAOKA4OCKteKAPBAAYAARgDK6nKAPAAAYAA/WDK1lLAPAAAYAAlbCKV+LAPAAAYAAkXCK5jMAPAAAOKAVrCK0VOAPAAAOKAWiDKNkOAPAAAYAAP2DK6fPAPBAAOKAz7BKA2PAPAAAOKAIvBKbqUAPAAAmDAaAAMvBVAPAAAYAAh5BKy4WAPBAAOKAVfBKZyXAPAAAmDArCAMj8XAPAAAOKArrDKb1aAPAAAYAAyNDKi1bAPAAAOKA/WDK14bAPBAAYAAY7CK7gdAPAAAmDAaAAMr0eAPAAAYAAK3DKUYfAPBAAmDAaAAMykfAPAAAOKARgDKLhgAPAAAmDA9EAMYajAPAAAOKAVHDKC/jAPAAAOKAEQDKdnkAPAAAOKAmyDKrykAPBAAYAApECKfLmAPAAAOKADpCKbYmAPAAAYAAVfBKWCnAPAAAYAAPlBKFFqAPAAAoKASGAMFFqAPAAAYAA4OCKGfqAPAAAALAtlBKEmqAPBAAYAADFDKWLsAPAAAOKAr0DKJSuAPBAAYAAqzDKACvAPAAAYAAmyDKcRvAPAAAYAAM0DKlxvAPAAAmDAlCAMbFwAPAAAOKAKRCKX5wAPdAAOKAFxCC19zAPVAAOKA6bCC5W0APAAAOKAEZDKah0APAAAYAAL1DKHv2APAAAOKA7GCKoA3APAAAOKAyNDK9V3APAAAOKADFDK5a3APBAAYAADpCKSm3APAAAOKApECKk/4APBAAOKAh5BK4G8APAAAYAAt1DKfM9APYAAOKAoZCCxq9APAAAOKAY7CK879APJAAOKAAvCCqc+APIIAOKAAvABF2HAPWEAOKA90ABW6bAPSDAOKAx2ABPE4APFAAOKA33ABrm6APcBAmDAYCAMF2HAPDAAmDAnAAMW6bAPEAAmDABBAMPE4APAAAmDANAAMrm6ASksFgEEOKAzhALHAjEAjAAMYajAAAAAGAq1BXtFJCFEOKAmnALHAYCAuAAMbFwAAAAAGA33EtxFkCFEOKAQqALHANAArAAMykfAAAAAGAZ6FxSEQBFEOKAvqALHANAAfAAMr0eAAAAAGA4ZEmWFFCFEOKAAvALHAYCArAAMF2HAAAAAGArxBxrBMCFEOKA90ALHANAALBAMW6bAAAAAGAiSFZ3BaCFEOKAx2ALHABBAZAAMPE4AAAAAGAPVFj5BqCFEOKA33ALHANAAfAAMrm6AAAAAGA0sFWNF3DF,200,43,0
http://de.ioam.de/tx.io?st=spiegel&cp=spon-www-18-0&sv=ke&pt=CP&rf=&r2=&ur=www.spiegel.de&xy=360x592x32&lo=US%2FVirginia&cb=0008&vr=303&id=gncqq8&lt=1392238448035&ev=&cs=98ecf7&mo=1,302,0,86400
http://de.ioam.de/tx.io?st=spiegel&cp=spon-www-18-0&sv=ke&pt=CP&rf=&r2=&ur=www.spiegel.de&xy=360x592x32&lo=US%2FVirginia&cb=0008&vr=303&id=gncqq8&lt=1392238448035&ev=&cs=98ecf7&mo=1&sr=71,200,436,259200
http://de.ioam.de/tx.io?st=spiegel&cp=spon-www-18-0&sv=ke&pt=CP&rf=&r2=&ur=www.spiegel.de&xy=360x592x32&lo=US%2FVirginia&cb=0008&vr=303&id=gncqq8&lt=1392238490975&ev=&cs=pa92ys&mo=1,200,436,90
http://spiegel.ivwbox.de/blank.gif,200,43,0
http://spiegel.ivwbox.de/cgi-bin/ivw/CP/1001;/home/c-18/be-PB64-aG9tZXBhZ2UvY2VudGVy/szwprofil-1001?r=&d=22744.75891608745,302,1,0
http://spiegel.ivwbox.de/cgi-bin/ivw/CP/1001;/home/c-18/be-PB64-aG9tZXBhZ2UvY2VudGVy/szwprofil-1001?r=&d=99785.6977628544,302,1,0
http://wissen.spiegel.de/wissen/titel/DEIN/2014/2/160/titel.jpg,200,11178,21600
http://wissen.spiegel.de/wissen/titel/SP/2014/7/160/titel.jpg,200,10462,86400
http://wissen.spiegel.de/wissen/titel/SPGE/2014/1/160/titel.jpg,200,13366,21600
http://wissen.spiegel.de/wissen/titel/SPWI/2013/4/160/titel.jpg,200,10174,21600
http://wissen.spiegel.de/wissen/titel/SPX/2014/2/160/titel.jpg,200,7791,21600
http://wissen.spiegel.de/wissen/titel/USP/2014/1/120/titel.jpg,200,7519,259200
http://www.google-analytics.com/__utm.gif?utmwv=5.4.7&utms=1&utmn=1454128139&utmhn=www.spiegel.de&utmcs=ISO-8859-1&utmsr=360x592&utmvp=980x1412&utmsc=32-bit&utmul=en-us&utmje=1&utmfl=-&utmdt=SPIEGEL%20ONLINE%20-%20Nachrichten&utmhid=982956590&utmr=-&utmp=%2F&utmht=1392238458993&utmac=UA-26045149-1&utmcc=__utma%3D159392383.1187929877.1392238459.1392238459.1392238459.1%3B%2B__utmz%3D159392383.1392238459.1.1.utmcsr%3D(direct)%7Cutmccn%3D(direct)%7Cutmcmd%3D(none)%3B&aip=1&utmu=qDQ~,200,35,0
http://www.google-analytics.com/__utm.gif?utmwv=5.4.7&utms=2&utmn=1281400127&utmhn=www.spiegel.de&utmcs=ISO-8859-1&utmsr=360x592&utmvp=980x1412&utmsc=32-bit&utmul=en-us&utmje=1&utmfl=-&utmdt=SPIEGEL%20ONLINE%20-%20Nachrichten&utmhid=589220494&utmr=-&utmp=%2F&utmht=1392238497379&utmac=UA-26045149-1&utmcc=__utma%3D159392383.1187929877.1392238459.1392238459.1392238459.1%3B%2B__utmz%3D159392383.1392238459.1.1.utmcsr%3D(direct)%7Cutmccn%3D(direct)%7Cutmcmd%3D(none)%3B&aip=1&utmu=qDQ~,200,35,0
http://www.google-analytics.com/ga.js,200,15711,300
http://www.spiegel.de/,200,39904,90
http://www.spiegel.de/,200,39844,0
http://www.spiegel.de/images/image-654308-custom-qwrr.png,200,33558,259200
http://www.spiegel.de/layout/css/style-V4-7-1.css,200,38672,259200
http://www.spiegel.de/layout/js/http/interface-V4-7-1.js,200,2172,259200
http://www.spiegel.de/layout/js/http/javascript-V4-7-1.js,200,274655,259200
http://www.spiegel.de/layout/js/http/netmind-V4-7-1.js,200,6476,259200
http://www.spiegel.de/layout/jscfg/http/global-V4-7-1.js,200,448,1800
http://www.spiegel.de/static/sys/dimensionspixel.gif,200,49,259200
http://www.spiegel.de/static/sys/pixel.gif,200,43,7200
http://www.spiegel.de/static/sys/v10/bg/bg_footer-partner-sprite.png,200,15235,259200
http://www.spiegel.de/static/sys/v10/bg/bg_header_sprite.png,200,786,259200
http://www.spiegel.de/static/sys/v10/bg/bg_maincontainer_line.gif,200,50,21600
http://www.spiegel.de/static/sys/v10/bg/bg_mainnav.png,200,127,259200
http://www.spiegel.de/static/sys/v10/bg/bg_neg_arrow.png,200,364,259200
http://www.spiegel.de/static/sys/v10/bg/column_sep_border.png,200,82,259200
http://www.spiegel.de/static/sys/v10/bg/icon_nadel_themencrumb_8.png,200,460,259200
http://www.spiegel.de/static/sys/v10/buttons/but_video_2.png,200,1353,259200
http://www.spiegel.de/static/sys/v10/buttons/play-trans_37x37.png,200,791,259200
http://www.spiegel.de/static/sys/v10/buttons/spiegelblog.png,200,1205,21600
http://www.spiegel.de/static/sys/v10/icons/ani-loader_small.gif,200,2545,259200
http://www.spiegel.de/static/sys/v10/icons/ball.png,200,1593,259200
http://www.spiegel.de/static/sys/v10/icons/facebook_14.png,200,286,259200
http://www.spiegel.de/static/sys/v10/icons/googleplus_14.png,200,309,259200
http://www.spiegel.de/static/sys/v10/icons/ic_search_magnifier.png,200,287,259200
http://www.spiegel.de/static/sys/v10/icons/ic_sonne.png,200,790,0
http://www.spiegel.de/static/sys/v10/icons/twitter_14.png,200,276,259200
http://www.spiegel.de/static/sys/v10/icons/wetter_icons.png,200,2985,259200
http://www.spiegel.de/static/sys/v10/logo/der_spiegel_140-19.png,200,3559,259200
http://www.spiegel.de/static/sys/v10/logo/spiegel_online_logo_460_64.png,200,8072,259200
http://www.spiegel.de/static/sys/v10/misc/kolumnisten_faces.png,200,20192,259200
http://www.spiegel.de/staticgen/boerse/spv10dax320x97.gif,200,4796,259200
http://www.spiegel.de/staticgen/boerse/spv10dax320x97.gif,200,4796,0
https://magazin.spiegel.de/EpubDelivery/image/SP/2014/7/img-co-sp-2014-007-0095-01-bi-quer.jpg/web/9a29438c3ba7cd2cc5e3b45b952b8bc1/500,200,86040,259200
https://magazin.spiegel.de/EpubDelivery/image/title/SP/2014/7/160.html,200,18622,259200
https://script.ioam.de/iam.js,200,7925,7200
